categoria;razon_social;nit;departamento;municipio;direccion;correo
Comidas;VIENTOS DE LA SIERRA COFFEE SHOP S.A.S;901829411;BOGOTA;BOGOTA D.C.;Crr 18c # 118 22;vientosdelasierracoffeeshop@gmail.com
Comidas;GRUPO 111 S.A.S.;901979341;BOGOTA;BOGOTA D.C.;CL 127 NO. 7 D 11;camachoandres87@gmail.com
Comidas;MAGAL ASOCIADOS SAS;901836920;BOGOTA;BOGOTA D.C.;Carrera 38 8 A 60;sebastianmargal@gmail.com
Comidas;INVERSIONES S. VELASQUEZ Y CIA SAS;901046957;BOGOTA;BOGOTA D.C.;CR 21 NO. 8 53;sorayakc@hotmail.com
Comidas;GRUPO TOPCOL SAS.;901609417;BOGOTA;BOGOTA D.C.;Calle 80 A 116 B 82 BLOQUE 7 APARTAMENTO;latomulato.co@gmail.com
Comidas;INVERSAAC S.A.S;830509538;BOGOTA;BOGOTA D.C.;CL 75A # 66-50 TORRE OFIESPACIOS OF 416;diego.rueda@teofarms.com
Comidas;INVERSIONES ARISTON SAS;901965417;BOGOTA;BOGOTA D.C.;AC 24 NO. 40 71;gerencia@hotelesbyaw.com
Comidas;STENDHAL SAS;900086087;BOGOTA;BOGOTA D.C.;CARRERA 5 # 70  - 61 LOCAL 2;guillogonzavega@gmail.com
Comidas;THAI MEX SAS;900640310;BOGOTA;BOGOTA D.C.;cl 127 B bis No 20 66 of 205;thai-express@hotmail.com
Comidas;INVERSIONES G M H S A;860070146;BOGOTA;BOGOTA D.C.;AV. CLL. 72 NO. 6-30 OFC. 501;dcontable@germanmoraleshoteles.com
Comidas;HOME AND JOY PROPERTIES S.A.S;901856601;BOGOTA;BOGOTA D.C.;Carrera 81 F 10 B 40 CONJUNTO RESIDENCIA;comercial@homeajoy.com
Comidas;MI DOGGY HOT DOGS S.A.S.;901809593;BOGOTA;BOGOTA D.C.;CR 6 NO 46 92;gomezbarajas1@gmail.com
Comidas;PROMOTORA Y OPERADORA DE HOTELES PROMOTEL S A;800210409;BOGOTA;BOGOTA D.C.;CRA 13 NO. 85-80;juan.castaneda@sofitel.com
Comidas;COCINA BOTÁNICA SAS;901544108;BOGOTA;BOGOTA D.C.;CL 57 # 5 - 17;cocinabotanica2021@gmail.com
Comidas;LLAR MANAGEMENT S.A.S;901938188;BOGOTA;BOGOTA D.C.;Carrera 50 57 B 42;indihiragizelle@gmail.com
Comidas;MEZQUITE CATERING GROUP SAS;901877559;BOGOTA;BOGOTA D.C.;CL 119 NO. 11 A 24;mezquite.catering.bog@gmail.com
Comidas;SANTA LUCIA GROUP SAS;901529576;BOGOTA;BOGOTA D.C.;CL 119 B NO. 5 37;santaluciabogota119@gmail.com
Comidas;SALAMANCA ANGULO LIMITADA -;830037809;BOGOTA;BOGOTA D.C.;CL 27 NO. 5-20;msalamancaangulo@yahoo.com
Comidas;UNION EMPRESARIAL ALMA S.A.S;901734893;BOGOTA;BOGOTA D.C.;Calle 13 44 65;many332@hotmail.com
Comidas;INVERSIONES JRC S A S;900817497;BOGOTA;BOGOTA D.C.;CR 12 A N 83 11 ZONA T;contabilidad@vapiano.com.co
Comidas;DEYSAM SAS;901919662;BOGOTA;BOGOTA D.C.;CR 14 NO. 89 48;deysas2025@gmail.com
Comidas;PLATA RAMIREZ ASOCIADOS S.A.S;901669698;BOGOTA;BOGOTA D.C.;Calle 22 A 44 A 72;poemaliacafes@gmail.com
Comidas;LEONCAMALEON GROUP SAS;900708427;BOGOTA;BOGOTA D.C.;CL 23 NO. 7 39;andrulo_vergara@hotmail.com
Comidas;NEGOCIOS E INVERSIONES CUCAITA S A S;900952612;BOGOTA;BOGOTA D.C.;TV 60 NO. 100 85;inversionescucaitasas@gmail.com
Comidas;INVERSIONES FACECA SAS;901238793;BOGOTA;BOGOTA D.C.;CR 112 A NO. 79 09;josehgmn6@hotmail.com
Comidas;INVERSIONES SANTA CRUZ C&A SAS;901764461;BOGOTA;BOGOTA D.C.;DG 71B 96- 54 CA P 1;inv.santacruz2023@gmail.com
Comidas;GUERRERO&P S.A.S;901810634;BOGOTA;BOGOTA D.C.;CR 13 NO 140- 47 CEDRITOS BOGOTA;chilesguerrero20@gmail.com
Comidas;MÁS ALIMENTO MENOS MEDICINA S.A.S.;901818383;BOGOTA;BOGOTA D.C.;Calle 56 3 A 50 PISO 2;impuestos@botiquin.com.co
Comidas;CAFE RAICES COLOMBIA S.A.S;901994513;BOGOTA;BOGOTA D.C.;Calle 109 19 51;grupo.contablejr@outlook.com
Comidas;VARA DE ORO S.A.S;901419651;BOGOTA;BOGOTA D.C.;CL 135  C No. 10 B 48;facturasvaradeoro@gmail.com
Comidas;SERVIALIMENTOS LINDA CHARLOTTE COLOMBIA SAS;901645050;BOGOTA;BOGOTA D.C.;CR 89 A BIS NO. 8 A 25 INT 5 AP 119;servialimentos.licha.col@gmail.com
Comidas;IMMA FOOD S.A.S;901372869;BOGOTA;BOGOTA D.C.;CR 15 NO. 64 A 16;jacivak@gmail.com
Comidas;GRUPO VINOS DE LA PLAZA SAS;901629027;BOGOTA;BOGOTA D.C.;CR 3 NO. 74 48;atarditi@gmail.com
Comidas;OPERACION HOTELERA KASSA S.A.S;901293710;BOGOTA;BOGOTA D.C.;CL 87 19 21;mayerly.briceno@cassaluxury.com
Comidas;BYTEFOOD S.A.S;901611663;BOGOTA;BOGOTA D.C.;CL 167A # 5A IN 7 AP 202;guillermo_lozano@hotmail.com
Comidas;CONSTRUCTORA INVERSIONES MORALES SAS;900581141;BOGOTA;BOGOTA D.C.;Calle 104 # 15-95 apto 402;avistabeachvillas@gmail.com
Comidas;DELIGREEN S.A.S;901744242;BOGOTA;BOGOTA D.C.;Calle 51  27-56;gerencia@deligreen.co
Comidas;INVERSIONES PORTOBELO 2022 S.A.S;901650099;BOGOTA;BOGOTA D.C.;Calle 31 Sur 69 B 28;kcontable@outlook.com
Comidas;IMPASTO SAS;901697299;BOGOTA;BOGOTA D.C.;Calle 72 # 5 - 22 Piso 4;eduardomanobre@gmail.com
Comidas;PANADERIA PASTELERIA LOS HORNOS SAS;901610702;BOGOTA;BOGOTA D.C.;CL 9 NO. 78 A 37;panaderiaypastelerialoshornos@gmail.com
Comidas;CARPANETO SAS;901745707;BOGOTA;BOGOTA D.C.;Carrera 11 A 94 45 LOCAL 1;pizzeria.carpaneto@gmail.com
Comidas;HEDWIGS BURROW SAS;901735630;BOGOTA;BOGOTA D.C.;CR 16 A NO. 136 52 AP 102;otto.orta@gmail.com
Comidas;GRUPO FLACO SAS;901892833;BOGOTA;BOGOTA D.C.;DG 108 A NO. 8 24;benjasanchezv001@gmail.com
Comidas;HOTEL BRISAS REAL SAS;901789903;BOGOTA;BOGOTA D.C.;CR 22 NO. 66 A - 29;edw1102@hotmail.com
Comidas;NABILERA SAS;901676851;BOGOTA;BOGOTA D.C.;Carrera 69 75 35;nabilera.sas@gmail.com
Comidas;GLADYS & GLADYS SAS;901720871;BOGOTA;BOGOTA D.C.;CR 6 NO. 53 51;gladyspizze@gmail.com
Comidas;BRIDAL AGENCY S.A.S.;900954732;BOGOTA;BOGOTA D.C.;Calle 145 A 12 A 45;info@bridalagency.co
Comidas;GESCOUNT S.A.S.;900413826;BOGOTA;BOGOTA D.C.;CL 95 NO 11A-18 LC 1;contactowingstation@gmail.com
Comidas;DAHE S.A.S.;901628438;BOGOTA;BOGOTA D.C.;CARRERA 11 #97-10;sasdahe@gmail.com
Comidas;GRUPO BERDEJO SAS;901933640;BOGOTA;BOGOTA D.C.;CR 17 NO. 16 64;grupoberdejosas@gmail.com
Comidas;BODHI MENTE S.A.S.;901840750;BOGOTA;BOGOTA D.C.;CL 53 NO. 28 - 48;benjaminlaguado@gmail.com
Comidas;BAR LA PRIMERA RONDA SAS;901964780;BOGOTA;BOGOTA D.C.;CR 9 NO. 164 14;laprimerarondajc@gmail.com
Comidas;HOTEL EL MARQUES DE SAN RAFAEL SAS;901683010;BOGOTA;BOGOTA D.C.;CR 67 NO. 12 A 76;hotelelmarquesdesanrafael@gmail.com
Comidas;CENTRO DE EVENTOS SOCIALES Y EMPRESARIALES VENTURY SHOWS SAS;901853885;BOGOTA;BOGOTA D.C.;CL 146 C NO. 92 10;ceseventury@gmail.com
Comidas;UNITED BITES S.A.S;901977515;BOGOTA;BOGOTA D.C.;Avenida Carrera 70 95 A 52;bitesunited@gmail.com
Comidas;INVERSIONES FE EXTREMA S.A.S.;901845663;BOGOTA;BOGOTA D.C.;CL 9 D NO. 69 81;inv.fextrema@gmail.com
Comidas;VIA TRIP SAS;900561898;BOGOTA;BOGOTA D.C.;CR 45 A NO. 129 30;picassoinn@hotmail.com
Comidas;GRUPO VISION S.A.S.;830004627;BOGOTA;BOGOTA D.C.;CLL 22 C NO. 31-01 PISO 5;contabilidad@g12.com.co
Comidas;TMPL S.A.S;901062491;BOGOTA;BOGOTA D.C.;CRA 7 84A 29;strivino@pla.com.co
Comidas;SOCIEDAD INVERSIONES PF S A S;900627443;BOGOTA;BOGOTA D.C.;CL 25 B 40 64;contabilidadinversionespf@gmail.com
Comidas;THE GASTROBAR BROOKLYN SAS;901850144;BOGOTA;BOGOTA D.C.;CR 7 NO. 82 62 INT 2104;mertsondac@gmail.com
Comidas;VILLA SABROSURA CASA HOTEL SAS;901868702;BOGOTA;BOGOTA D.C.;CL 79 NO. 111 D - 03;villasabrosura@hotmail.com
Comidas;POPUP ESPACIOS S A S;900985181;BOGOTA;BOGOTA D.C.;CRA 21 144 60;casamosaiko@mosaikostudio.com
Comidas;NAS FITNESS SAS;901995161;BOGOTA;BOGOTA D.C.;CR 55 NO. 152 B 68;nasfit.col@gmail.com
Comidas;CRISKASE SAS;900953955;BOGOTA;BOGOTA D.C.;Av Cl 72 # 86 - 69 Local 20;criskase.sas@gmail.com
Comidas;GRUPO JVG S.A.S;901922955;BOGOTA;BOGOTA D.C.;Calle 8 Sur 38 A 81;restaurantegatinbienmesabe@gmail.com
Comidas;S & V MEJIA SAS;901557733;BOGOTA;BOGOTA D.C.;CR 5   12 B   46;syvmejiasas@gmail.com
Comidas;SALCHIPAPERIA PAPASAURIOS 1 SAS;901886892;BOGOTA;BOGOTA D.C.;CR 17 B NO. 70 C 15 SUR;tacotlancontable@gmail.com
Comidas;DEJEME SANO SAS;901560493;BOGOTA;BOGOTA D.C.;CL 104 NO. 15 38 AP 301;info@dejemesano.com
Comidas;GRUPO ARCOLFRA SAS;901621305;BOGOTA;BOGOTA D.C.;CL 89 NO. 20 45;mariahelenamurcia@gmail.com
Comidas;STROMBOLI S A S;900489478;BOGOTA;BOGOTA D.C.;CALLE 70 NO. 10 A - 25;juamcamacho@gmail.com
Comidas;INVERSIONES Y SERVICIOS RURALES LA LIBERTAD SAS;901967350;BOGOTA;BOGOTA D.C.;CR 57 B NO. 67 A 10;lalibertadmacanal@gmail.com
Comidas;TRINITY INVESTMENT SERVICES CORP S.A.S.;900326406;BOGOTA;BOGOTA D.C.;calle 163 #63-95 int.3 ap.904;atributarias@gmail.com
Comidas;CARDENAS MERCADO SOLUTIONS S.A.S;901990926;BOGOTA;BOGOTA D.C.;Calle 55 A Sur 77 H 46;karencardenas0526@gmail.com
Comidas;JALUEKEMI BOBA TEA S.A.S;901934658;BOGOTA;BOGOTA D.C.;Transversal 99 70 A 89 CENTRO COMERCIAL;jaluekemibobotea@gmail.com
Comidas;INVERSIONES CRISMA SAS.;900328788;BOGOTA;BOGOTA D.C.;CR 78 C NO. 38 A 27 SUR;cristian_93.r@hotmail.com
Comidas;INVERSIONES MDES S.A.S;901220212;BOGOTA;BOGOTA D.C.;CL 73 NO. 69 B 22;facturacionmdes@gmail.com
Comidas;SOCIEDAD AGRO HOTELERA MARTINEZ S. EN C. SAHM S. EN C.;800219725;BOGOTA;BOGOTA D.C.;CL 9 NO. 38-37 OF 309;abocanegra162@hotmail.com
Comidas;CARBON 100 S A S;830138478;BOGOTA;BOGOTA D.C.;CRA 21 # 166 - 25;gerencia@grupocarbon.com
Comidas;SALVAJERIA SAS;901113033;BOGOTA;BOGOTA D.C.;CRA 10A NO. 67 88;sauvagerestaurant@gmail.com
Comidas;FRIENDS COMPANY S.A.S;901459662;BOGOTA;BOGOTA D.C.;AV CL 24 40-46;gerentefinanciero@hotelesfc.com
Comidas;GRUPO GLER SAS;901807144;BOGOTA;BOGOTA D.C.;CL 73 NO. 69 B 15;grupo.gler.sas@hotmail.com
Comidas;INVERSIONES HUMANTO S.A.S;901308609;BOGOTA;BOGOTA D.C.;CR 78Q NO. 33A 16 SUR;jesuspardo1960@hotmail.com
Comidas;IDILIO ENTRETENIMIENTO S.A.S;901275273;BOGOTA;BOGOTA D.C.;CR 13 NO. 93 68;idiliobar@gmail.com
Comidas;CARIPELAO S.A.S;901972148;BOGOTA;BOGOTA D.C.;Carrera 147 150 26;kariannysfrias@gmail.com
Comidas;LATIN FOOD LOVERS SAS;901917114;BOGOTA;BOGOTA D.C.;CR 27 NO. 51 A - 02;latinfoodloversas@gmail.com
Comidas;ASADERO Y PIQUETEADERO SOGA Y SABANA S.A.S.;901863213;BOGOTA;BOGOTA D.C.;CL 73 D SUR # 14 - 33;botalonllaneroa@gmail.com
Comidas;BENDITO TEJO SAS;901515967;BOGOTA;BOGOTA D.C.;CL 138 NO. 47 28 P2;benditotejo@gmail.com
Comidas;TANINOS PARK WINES SAS;901788842;BOGOTA;BOGOTA D.C.;CL 39 NO. 21 19 LC 1;taninosparkwines@gmail.com
Comidas;GAIA INVERSIONES Y SERVICIOS S.A.S;901962881;BOGOTA;BOGOTA D.C.;Carrera 16 76 31;gburgos@gbgingenieria.com
Comidas;INFARTO S A S;900957216;BOGOTA;BOGOTA D.C.;calle 12 5 83;contabilidadinfarto@gmail.com
Comidas;IAIA CARMIÑA SAS;901997452;BOGOTA;BOGOTA D.C.;CL 91 # 15 - 34;joanhorrit@gmail.com
Comidas;INDUSTRIAL FOOD SERVICE SAS;900914490;BOGOTA;BOGOTA D.C.;Carrera 78b No 38-74 Sur Local 112;gerencia@foodservice.com.co
Comidas;GRUPO BANDARRA S.A.S.;901992095;BOGOTA;BOGOTA D.C.;AC 100 NO. 14 83 AP 304;francristinab@gmail.com
Comidas;INVERSIONES CRANEO S.A.S.;901998473;BOGOTA;BOGOTA D.C.;CL 74 A NO. 4 28;inversionescacumen@gmail.com
Comidas;INVERSIONES Y NEGOCIOS GEMA SAS;901782590;BOGOTA;BOGOTA D.C.;CR 90 A # 8 - 10 TO 2 AP 1006;amandabuitrago08@gmail.com
Comidas;NAGAYA S.A.S.;901817033;BOGOTA;BOGOTA D.C.;Calle 40 B 7 26;aizuramenbgta@gmail.com
Comidas;TRAVELCA SAS;901894025;BOGOTA;BOGOTA D.C.;CR 5 NO. 27 - 27 OF 302;elizarubiog2004@gmail.com
Comidas;CRESCENT GROUP S A S;900970324;BOGOTA;BOGOTA D.C.;CL 104 # 14 A 82;info@halalcol.com
Comidas;BRAVERA FOOD SERVICES SAS;901758049;BOGOTA;BOGOTA D.C.;CR  53 # 137 - 19 P  3;gerencia@braverafoods.com
Comidas;LEMAR INVERSIONES SAS;900474656;BOGOTA;BOGOTA D.C.;CL 25 NO. 31 A 15;ejecutivodoradoplaza@gmail.com
Comidas;MAJESTIC JN CAFÉ S.A.S.;901960799;BOGOTA;BOGOTA D.C.;CL 67 NO. 115 02;majesticjncafe@gmail.com
Comidas;INVERSIONES KARAMELL SAS;901840498;BOGOTA;BOGOTA D.C.;CL 23 F NO. 81 22;inversiones.karamellsas@gmail.com
Comidas;GLOBAL FS SAS;901962363;BOGOTA;BOGOTA D.C.;CR 60 NO. 24 09 LC 305 CC GRAN ESTACION;globalfs2025@gmail.com
Comidas;RESPONSIVE SAS;900840523;BOGOTA;BOGOTA D.C.;CR 64 NO. 103 C 16;santiago@103wh.com.co
Comidas;COSIACA S A S;900063950;BOGOTA;BOGOTA D.C.;AUTOPISTA NORTE NO. 114 - 78 OF 403;mauricio@cosiaca.com
Comidas;HOTEL GRAND PARK SAS;900537668;BOGOTA;BOGOTA D.C.;CRA 5 NO. 23 - 34;nomina@hotelgrandpark.com.co
Comidas;WRIBS S.A.S;900791277;BOGOTA;BOGOTA D.C.;CR 58 NO. 137 A 04;betopinilla@gmail.com
Comidas;LULO Y COCO SAS;901308241;BOGOTA;BOGOTA D.C.;CL 70 # 8-25;aabreu@grupohabla.com
Comidas;GRUPO SENECA S.A.S EN LIQUIDACION;901327566;BOGOTA;BOGOTA D.C.;CR 12 B NO. 140 21 LC 2;dalia@artriplea.com
Comidas;ARIAS CAICEDO INVERSIONES SAS;901574364;BOGOTA;BOGOTA D.C.;CL 95 NO. 71 31 BL 2 AP 1403;pabloarca31@hotmail.com
Comidas;FOODEX TRADE S.A.S;901921768;BOGOTA;BOGOTA D.C.;CL 152 # 58 51 OF 5 503;foodextrade@oulook.com
Comidas;MÊLER HOUSE SAS;901841640;BOGOTA;BOGOTA D.C.;CL 138 NO. 11 B 50 AP 2 404;cristinacevedo05@gmail.com
Comidas;EL DORADO INVESTMENTS SUCURSAL COLOMBIANA;900385136;BOGOTA;BOGOTA D.C.;AV. CALLE 26 No. 92 - 32;notificaciones@farandahotels.com
Comidas;ASHER PRODUCTOS ALIMENTICIOS S.A.S;900960037;BOGOTA;BOGOTA D.C.;CL 22 B NO. 65 28 TO 4 AP 512;asherproductosalimenticios@gmail.com
Comidas;ECOHOTEL RESORT MONSERRATE S.A.S;901403142;BOGOTA;BOGOTA D.C.;CR 10 B NO. 23 62 SUR;ecohotelresortmonserrate@gmail.com
Comidas;INVERSIONES RUBIO PRADA SAS;901598736;BOGOTA;BOGOTA D.C.;CR 73 B NO. 26 - 47 SUR;dicapra@hotmail.com
Comidas;BALLRO ASOCIADOS S A S;900724290;BOGOTA;BOGOTA D.C.;CL 120 A NO. 7-62 OF 202;zepiballesteros@hotmail.com
Comidas;LA FÁBRICA DE DON GUILLO S.A.S;901699811;BOGOTA;BOGOTA D.C.;Carrera 8 127 53 Local 1;lafabricadedonguillo@gmail.com
Comidas;SALSAMENTARIA Y SANDWICHE´S LA CASTELLANA LAVAL BOGOTÁ S.A.S;901987772;BOGOTA;BOGOTA D.C.;CL 99 NO. 47 A 29;salsamentarialacastellana@yahoo.com
Comidas;AMAZON FOODS & DRINKS S.A.S;901701172;BOGOTA;BOGOTA D.C.;CALLE 93B 13 65;ceo_afd@outlook.com
Comidas;SOUTH PACIFIC INVERSIONES S.A.S;901339842;BOGOTA;BOGOTA D.C.;Carrera 7 C 129 81;me@craigdempsey.com
Comidas;LA SALCHIPAPERIA D.C. SAS;901482012;BOGOTA;BOGOTA D.C.;CL 8 SUR NO. 32 35;tatianasierrarojas@hotmail.com
Comidas;INVERSIONES A&S S A S;900767652;BOGOTA;BOGOTA D.C.;CR 69 P NO. 72A 02;inversionesalvaradosanta@gmail.com
Comidas;VERMARKET GLOBAL SAS;901618677;BOGOTA;BOGOTA D.C.;CR 21 169 30;vermarketglobal@gmail.com
Comidas;GREKO GREAT TO STAY S.A.S;901984707;BOGOTA;BOGOTA D.C.;CL 18 NO. 3 - 18;grekotostay@gmail.com
Comidas;MACON GROUP SAS;901635038;BOGOTA;BOGOTA D.C.;CL 65 NO. 4 A 54;pattibogota@gmail.com
Comidas;LOGISPROARQUIN SAS;901460075;BOGOTA;BOGOTA D.C.;Carrera 26 Sur 24 25 BARRIO Centenario;logisproarquin.sas@gmail.com
Comidas;CÁFE DEL ESTE SAS;901900407;BOGOTA;BOGOTA D.C.;CL 81 A NO. 8 - 31 PRIMER PISO;cafedelestebog@gmail.com
Comidas;HAPIII COLOMBIA SAS;901919955;BOGOTA;BOGOTA D.C.;CR 59 NO. 59 152 - 19;ceo@hapiiicolombia.com
Comidas;DELIZIE ITALIANE SAS;901312539;BOGOTA;BOGOTA D.C.;CL 169 51 23;casadelqueso@lactolife.com
Comidas;INVERSIONES UNIOCCIDENTE S A S;830125414;BOGOTA;BOGOTA D.C.;CL 73 NO. 20 C 52;aresuwr54@gmail.com
Comidas;LA HOJA BISTRÓ S.A.S;901743699;BOGOTA;BOGOTA D.C.;CL 142 NO. 17 37;lahojabistrocontable@gmail.com
Comidas;GRUPO STATION S.A.S;901264205;BOGOTA;BOGOTA D.C.;CL 74 20 B 44;grupostation@gmail.com
Comidas;DE LAS ABUELAS CATERING SAS;900542540;BOGOTA;BOGOTA D.C.;CALLE 42 # 27A - 45 OF 403;carolina.sosa@delasabuelas.com
Comidas;DOMO BURGER SAS;901763167;BOGOTA;BOGOTA D.C.;CL 44 NO. 59 60;jose_daniel01@hotmail.com
Comidas;ARDILA RIVIERE Y COMPAÑIA S A S;900435933;BOGOTA;BOGOTA D.C.;CRA 2 ESTE No 70A 47 APT 403;mariuriviere@hotmail.com
Comidas;RESTAURANTE CASA GOMEZ SAS;901642567;BOGOTA;BOGOTA D.C.;CR 9 NO. 58 07 LC 02;gerencia@cotidianacasagomez.com
Comidas;AQUÍ Y AHORA CAFÉ SAS;901626326;BOGOTA;BOGOTA D.C.;CL 39 G NO. 68 I 89 SUR;cafeaquiyahora@hotmail.com
Comidas;CAFECITO CON LOS ANGELES S.A.S;901927938;BOGOTA;BOGOTA D.C.;Carrera 79 19 A 87 CONJUNTO EL SENDERO T;cafecitoconlosangeles@gmail.com
Comidas;TRIUNFOS S A S;901071370;BOGOTA;BOGOTA D.C.;CR 69 F NO. 3 A 34;aop87@hotmail.com
Comidas;CAPITAL PUB SAS;901694091;BOGOTA;BOGOTA D.C.;CR 65 NO. 11 47 LC 373;mrbeersbogota@hotmail.com
Comidas;YAPTIRMAK SAS;901267699;BOGOTA;BOGOTA D.C.;CR 5 NO. 30 A 30 LC 43;correo@yaptirmak.co
Comidas;UTÜANE S A S;900536455;BOGOTA;BOGOTA D.C.;CR 6 BIS 127 C 50 TO 1 AP 605;letti06@hotmail.com
Comidas;INVERSIONES PIEDRA SAGRADA S.A.S;901765104;BOGOTA;BOGOTA D.C.;CL 67 # 11-33;inversionespiedrasagrada@hotmail.com
Comidas;PRATO EVENTOS Y CONVENCIONES S.A.S.;900236331;BOGOTA;BOGOTA D.C.;AK 45 NO. 128C-31;pratoeyc@gmail.com
Comidas;LOTO DISFRUTA LA PASION SAS;901526345;BOGOTA;BOGOTA D.C.;CR 16 A NO. 23 73;miltoncardona91@gmail.com
Comidas;GRUPO MONCANTE SAS;901171294;BOGOTA;BOGOTA D.C.;CL 19 A NO. 72 57 CC MULTIPLAZA LC C 106;origenbf@gmail.com
Comidas;NEOX SAS BIC;901883001;BOGOTA;BOGOTA D.C.;CALLE 95 A # 71 A - 54;neoxsasbic@gmail.com
Comidas;BARNAUL INVERSIONES SAS;901463943;BOGOTA;BOGOTA D.C.;CL 106 # 19A - 23 OF 206;muriel.juancamilo@gmail.com
Comidas;INVERSIONES CHACABUCO S A S;901004532;BOGOTA;BOGOTA D.C.;CL 106 NO. 18 A 60;janiotjr@hotmail.com
Comidas;USACA SAS;901616037;BOGOTA;BOGOTA D.C.;CR 6 A NO. 117 54;lijarca@hotmail.com
Comidas;INVERSIONES TEMPO CAFE SAS;901982565;BOGOTA;BOGOTA D.C.;DG 17 B NO. 90 53 TO 6 AP 603;inv.tempo.cafe@gmail.com
Comidas;HUMOS MAESTRIA PARRILLERA SAS;901926726;BOGOTA;BOGOTA D.C.;CL 44 NO. 53 06;humosmaestriaparrillera@gmail.com
Comidas;BACKLOT INTEGRAL S.A.S;901948736;BOGOTA;BOGOTA D.C.;Avenida Calle 26 44 A 39;backlotintegral@gmail.com
Comidas;MASEER SOLUCIONES EMPRESARIALES S.A.S.;901809806;BOGOTA;BOGOTA D.C.;CL 81 NO 108 - 16;delieegourmet@gmail.com
Comidas;YIPAO SAS;900705294;BOGOTA;BOGOTA D.C.;CL 18 65A 03;gerente.administrativo@interrapidisimo.com
Comidas;INVERSIONES MARAMAOS S A S;900858430;BOGOTA;BOGOTA D.C.;AV 68 NO. 64 32;salitre.maramaosclub@hotmail.com
Comidas;CHAPARRO COMPANY S.A.S;901582388;BOGOTA;BOGOTA D.C.;CALLE 59 # 56-63 APTO 421;chaparrocompanysas@gmail.com
Comidas;PIZZERIA PUNTO DF J S.A.S;901558300;BOGOTA;BOGOTA D.C.;CL 6 SUR   19   96;pizzeriapuntodfjsas@hotmail.com
Comidas;DISTRIBUCIONES EVELLA S.A.S;901383696;BOGOTA;BOGOTA D.C.;DG 69 B 78 I 58 sur;distrievellasas@gmail.com
Comidas;FUEGO SAGRADO S.A.S.;901941475;BOGOTA;BOGOTA D.C.;CR 12 NO. 90 - 41;gabisambra@hotmail.com
Comidas;CRECER GASTRONÓMICO S.A.S;901729368;BOGOTA;BOGOTA D.C.;Calle 60 9 A 09 OFICINA 302;halonsoomu@gmail.com
Comidas;CENTRO SANTAFE OPERADOR TURISTICO SAS;901841636;BOGOTA;BOGOTA D.C.;CL 18 NO. 5 - 56;csoperadorsas@gmail.com
Comidas;ABISMAL COCINA Y CATERING S.A.S;901185466;BOGOTA;BOGOTA D.C.;Calle 79 B 69 R 78;abismal.co@gmail.com
Comidas;INVERSIONES ANATOLES S.A.S;901860620;BOGOTA;BOGOTA D.C.;CR 12 A NO. 78 - 58;anatolesfacturacion@gmail.com
Comidas;BOGOTA GOURMET SOLUTIONS SAS;901090406;BOGOTA;BOGOTA D.C.;CARRERA 123 No. 14B - 08 T1 204;info@bogotagourmet.com.co
Comidas;HOTEL BOGOTA ASTRAL SAS;900445657;BOGOTA;BOGOTA D.C.;CL 44 NO. 7 93;administracion@hotelbogotaastral.com
Comidas;INVERSIONES ANLUNIC SAS;901245007;BOGOTA;BOGOTA D.C.;CRA 79 B # 51 - 44 SUR;willog83@hotmail.com
Comidas;PLAKA S A S EN LIQUIDACION;900297381;BOGOTA;BOGOTA D.C.;CR 11 B 97 79;elisangela.ds@restauranteplaka.com
Comidas;FUNGHI CATERING SAS -;900452487;BOGOTA;BOGOTA D.C.;CL 135 NO. 58 A 47 AP 206 BL 4;fuan_m@hotmail.com
Comidas;CACAO GROUP S.A.S;901660169;BOGOTA;BOGOTA D.C.;CALLE 89 N° 21-57;paezleonjm@gmail.com
Comidas;GASTRONOMIA MELANY CATERING SERVICE S A S;900533031;BOGOTA;BOGOTA D.C.;Diagonal 22c  #29a-47;melania2960@hotmail.com
Comidas;GRUPO EMPRESARIAL EL PERROTE HOT DOG 1999 SAS;901625686;BOGOTA;BOGOTA D.C.;CRA 8 # 46 - 90;edi1374@hotmail.com
Comidas;GRUPO COMERCIAL NUYO S.A.S.;901473394;BOGOTA;BOGOTA D.C.;CR 28 BIS   52   37 OF 201;gruponuyo@gmail.com
Comidas;BERAKA CAFE GALERIAS SAS;901567055;BOGOTA;BOGOTA D.C.;TV 35 NO. 38 82 SUR;berakacontenidos@gmail.com
Comidas;SOLUCIONES DIMATO S.A.S.;901890503;BOGOTA;BOGOTA D.C.;CL 31 SUR NO. 70 B 44;solucionesdimato@gmail.com
Comidas;DINAMICS GROUP SAS;901939983;BOGOTA;BOGOTA D.C.;CR 17 NO. 24 44;dinamicsgroupsas1@gmail.com
Comidas;MUISKAFOODS SAS;901452380;BOGOTA;BOGOTA D.C.;CARRERA 5 NO. 56-06;muiskafoods@gmail.com
Comidas;EXPLORA HOSTELS SAS;900441884;BOGOTA;BOGOTA D.C.;CLL 12 C N° 3 - 19;manager@explorahostels.com
Comidas;INVERSIONES COLOMBO SAN MARCOS LIMITADA;830090360;BOGOTA;BOGOTA D.C.;CL 40 NO. 8 86;pansanmarcos@hotmail.com
Comidas;GASTRO IMPACTO S.A.S;901763647;BOGOTA;BOGOTA D.C.;Carrera 51 168 11;hola@gastroimpacto.com
Comidas;HOTELES DE LA ESPERANZA SOCIEDAD POR ACCIONES SIMPLIFICADA;900572163;BOGOTA;BOGOTA D.C.;CL 25B 69C 80;contabilidad@sheratonbogota.com
Comidas;EL ESTURION S A S;900545979;BOGOTA;BOGOTA D.C.;CLL 44 NO 58-06;restauranteelesturion@gmail.com
Comidas;SERVINUTRIR SAS;830086392;BOGOTA;BOGOTA D.C.;CLL 102 A NO 70 B 42;gerencia@servinutrir.com
Comidas;DURANGO MX TAQUERIA S.A.S;901841332;BOGOTA;BOGOTA D.C.;Carrera 72 62 44 SUR;durangorestaurante.mx@gmail.com
Comidas;RESTAURANTE LAS MARGARITAS LIMITADA - EN LIQUIDACION;860527116;BOGOTA;BOGOTA D.C.;CL 62 NO. 7-77;jrios00@hotmail.com
Comidas;ACOSTA LOZANO Y CIA S EN C;800153238;BOGOTA;BOGOTA D.C.;CL 145 NO. 7 - 31 AP 1306;lacostalo52@hotmail.com
Comidas;ALL SERVICE GROUP SAS;901489372;BOGOTA;BOGOTA D.C.;CR 24 A SUR NO. 19 03 TO 4 4 403;yam.zam@hotmail.com
Comidas;PROYECTO EDIFICIO CALLE 93 S A S;900640426;BOGOTA;BOGOTA D.C.;CR 9 NO. 76 49 OF 202;calle93@solucionesatomo.com
Comidas;DEJEF GROUP INVERSIONES SAS;901794596;BOGOTA;BOGOTA D.C.;CL 17 A NO. 12 - 30;francachelabychefjef@gmail.com
Comidas;NOU ARTES CULINARIAS SAS;900587110;BOGOTA;BOGOTA D.C.;CR 24 NO. 75 07 P 1;nouartes@hotmail.com
Comidas;INVERSIONES KITCHEN LAB SAS;901444827;BOGOTA;BOGOTA D.C.;CR 7 C    123   24;valentinaroman22@gmail.com
Comidas;CATERING Y EVENTOS 369 S.A.S.;901970135;BOGOTA;BOGOTA D.C.;CR 59 B NO. 130 A 36 AP 403;cateringeventos369@gmail.com
Comidas;EXPERIENCIA GASTRONOMICA SAS;901312569;BOGOTA;BOGOTA D.C.;CL 90 NO. 18 16;contabilidadexperienciagastro@gmail.com
Comidas;HOTELERA LAS MORADAS S A S;900036256;BOGOTA;BOGOTA D.C.;CR 6 NO. 117 - 02;m_sanchez2000@hotmail.com
Comidas;EL BREWER SAS;901229681;BOGOTA;BOGOTA D.C.;CL 131 A NO. 55 16;juansegamu615@hotmail.com
Comidas;RANDY'S S.A.S.;800008964;BOGOTA;BOGOTA D.C.;CR 15 NO. 98 55 LC 101;gabriel.rodriguez@randys.com.co
Comidas;CLUB SOCIAL FIEBRE SEX SAS;901036921;BOGOTA;BOGOTA D.C.;CR 16 A NO. 23 52;giraldogabriel8@gmail.com
Comidas;BEFORE CLUB SAS;901779099;BOGOTA;BOGOTA D.C.;CARRERA 14 NO. 63 - 98;beforeclub.2024@gmail.com
Comidas;RESBELMEX SAS;901589385;BOGOTA;BOGOTA D.C.;CR 69 NO. 31 69 SUR;eltoromx4@gmail.com
Comidas;ASADOS BRASAS Y ALGO MAS S.A.S;901300168;BOGOTA;BOGOTA D.C.;CR 19 A NO. 107 08;gvivas@yahoo.com
Comidas;INVERSIONES ORIUNDO SAS;901247126;BOGOTA;BOGOTA D.C.;CL 12 NO. 0 30;oriundo.cocina@gmail.com
Comidas;ATLAS CHAPINERO S.A.S;901420919;BOGOTA;BOGOTA D.C.;CL 57 NO. 4 17;atlaschapinero@gmail.com
Comidas;LA ILUSION DE FINCA SAS;901691469;BOGOTA;BOGOTA D.C.;CL 161 NO. 21 35;pilareche@hotmail.com
Comidas;UNA CASITA S.A.S;901904449;BOGOTA;BOGOTA D.C.;TV 15 B 46 - 12;unacasitajp@pronton.com
Comidas;INNOVATION BAKANA S.A.S;901229125;BOGOTA;BOGOTA D.C.;Carrera 71 B 53 75 NORMANDIA PRIMER SECT;contactenos@labakana.co
Comidas;LA SALLE PARK SAS;901158003;BOGOTA;BOGOTA D.C.;CALLE 59A BIS No. 4A -19;info@lasallepark.com.co
Comidas;COFFEE & COM S.A.S;901630826;BOGOTA;BOGOTA D.C.;CR 68 NO. 75 A 50 LC 229 A;daniloduarte42@gmail.com
Comidas;UKU CAFÉ SAS;901910894;BOGOTA;BOGOTA D.C.;CR 7 NO. 70 A - 25;meilenchenalava@gmail.com
Comidas;DELICIAS Y ALGO MAS PARA TU PALADAR ... SAS;901034083;BOGOTA;BOGOTA D.C.;CR 118 NO. 83 A 59 CA 143;pilarmaria21@hotmail.com
Comidas;COLOMBIA VICE SAS;901933301;BOGOTA;BOGOTA D.C.;CR 64 A NO. 5 A 72;gerenciacolombiavice@gmail.com
Comidas;CANASTA COLOMBIA SAS;901496217;BOGOTA;BOGOTA D.C.;CR 62   17 B   69;juan.velez@beyondgroup.co
Comidas;FIRST CARTAGENA TOURS SAS;901419235;BOGOTA;BOGOTA D.C.;Casa H32 Condominium DC Doral Zona Norte;mariahg2695@gmail.com
Comidas;IRISH COMPANY COLOMBIA S.A.S;901322103;BOGOTA;BOGOTA D.C.;CL 56 NO. 37 34;dcardenas@radiopolis.fm
Comidas;LM GASTRONOMIA SAS;901809923;BOGOTA;BOGOTA D.C.;CR 23 NO. 75 A 33;contacto@putadelicia.com
Comidas;TOLIMA HOTELS COLOMBIA S A S;900906500;BOGOTA;BOGOTA D.C.;CR 14 NO. 95 21;direccion@hotelebacata95.com
Comidas;WEST OIL SERVICES SOCIEDAD POR ACCIONES SIMPLIFICADA S A S;900543318;BOGOTA;BOGOTA D.C.;CL 4 # 36 - 80 AP 508;contabilidadwestoilservices@gmail.com
Comidas;SAVIMAK SAS;901449093;BOGOTA;BOGOTA D.C.;AV CARACAS # 46 69;savimaksas@gmail.com
Comidas;HAMBURGUESAS AL CARBON OLAM SAS;901984703;BOGOTA;BOGOTA D.C.;CL 81 A SUR NO. 88 C 13;olamhamburguesas@gmail.com
Comidas;FRIJOLADAS SAS;901923574;BOGOTA;BOGOTA D.C.;CL 25 F NO. 37 45;frijoladasyalgomassas@gmail.com
Comidas;GRUPO DYA S.A.S;900796195;BOGOTA;BOGOTA D.C.;CALLE 127 D NO. 89-16;grupodyasas@gmail.com
Comidas;INSTABURGER SAS;901524135;BOGOTA;BOGOTA D.C.;CR 19   183     51 TO 2 AP 303;instaburgersas@gmail.com
Comidas;MESABAR S A S;900639989;BOGOTA;BOGOTA D.C.;CR 22 NO. 168 46;guerreroylatorre@gmail.com
Comidas;CAPRA D.C. SAS;901853161;BOGOTA;BOGOTA D.C.;CL 21 NO. 8 - 17;cmv368@gmail.com
Comidas;BERAKHAH PARTNER SAS;901630829;BOGOTA;BOGOTA D.C.;CARRERA  15 # 41 B  SUR 75;berakhahpartner@gmail.com
Comidas;INVERSIONES CEMA Y COMPAÑIA SAS;830019371;BOGOTA;BOGOTA D.C.;DG 40 A NO. 14 35;inversionescema@hotmail.com
Comidas;OPENSEA COMPANY SAS;901174713;BOGOTA;BOGOTA D.C.;CL 145 NO. 91 19 CC CENTRO SUBA;dsilohburger@gmail.com
Comidas;ASADEROS LLANO PARRILLA QUE BENDICION S.A.S;901990776;BOGOTA;BOGOTA D.C.;Calle 17 98 25;marisolreyes-24@hotmail.com
Comidas;LUXNEST PROPERTIES SAS;901912382;BOGOTA;BOGOTA D.C.;CR 13 NO. 32 74 OF 202;luxnestpropertiessas@hotmail.com
Comidas;INVERSIONES ARIZA SIERRA S A S;900379367;BOGOTA;BOGOTA D.C.;CL 31 SUR NO. 69 C 37;foas_75@hotmail.com
Comidas;URBANO GROUP SAS;901476127;BOGOTA;BOGOTA D.C.;CALLE 74 A # 27  A  - 46;admonurbanogroup@gmail.com
Comidas;GRUPO MISSMOR SAS;901695011;BOGOTA;BOGOTA D.C.;CL 38 NO. 16 25;facturaciongrupomissmor@gmail.com
Comidas;MR. FOOD HAPPY EATING SAS;901337268;BOGOTA;BOGOTA D.C.;CR 100 B NO. 75 B 05;holamrfood@gmail.com
Comidas;AYDRUS S.A.S;901806017;BOGOTA;BOGOTA D.C.;CL 100 # 14 - 63 LC  106;aydruscafe@gmail.com
Comidas;CONSEIL PRODUCTION INTERNACIONAL S A S;830013434;BOGOTA;BOGOTA D.C.;CL 109 NO. 15 - 48;jacquesfacturacion@gmail.com
Comidas;POLLO SALITRE SAS;901554554;BOGOTA;BOGOTA D.C.;DG 23 NO. 69 A 55 MD 2 LC 2123;hernansar2000@gmail.com
Comidas;SERVICIOS INTEGRALES DE SOPORTE S.A.S.;901507188;BOGOTA;BOGOTA D.C.;KM 3 VIA CAJICA CHIA VDA LAS MERCEDES PU;serviciosintegralesdesoporte@gmail.com
Comidas;INVERSIONES ESTRATEGICAS DE COLOMBIA SAS;900586806;BOGOTA;BOGOTA D.C.;CALLE 213 # 114 10;ricardo.lara.paez@gmail.com
Comidas;LA VILLA DEL POLLO PASEO E.C. SAS;901971469;BOGOTA;BOGOTA D.C.;DG 57 C SUR NO. 62 60;lavilladelpollopaseoe.c.sas@gmail.com
Comidas;PATO EN BOTAS SAS;901594638;BOGOTA;BOGOTA D.C.;Calle 147 15 81 APARTAMENTO 101;andres.pena.paez@gmail.com
Comidas;OSAMAR SAS;900659104;BOGOTA;BOGOTA D.C.;CALLE 86 A NO.13 - 42 OF 202;osamar.sop@gmail.com
Comidas;UNIDAD COMERCIAL DE COLOMBIA SAS;901220666;BOGOTA;BOGOTA D.C.;CL 8 SUR NO. 69 A 78 CA 21;ucomcol@gmail.com
Comidas;LONGO S A S;900669414;BOGOTA;BOGOTA D.C.;CALLE 128 # 54 - 16;contabilidad.longos@gmail.com
Comidas;DESARROLLO SETENTA S.A.S;901356001;BOGOTA;BOGOTA D.C.;CL 79 A NO. 7A 46;r.diez@grupotreinta.com
Comidas;INVERSIONES CONSTRUCT SAS;901879634;BOGOTA;BOGOTA D.C.;AC 8 SUR NO. 40 - 03;inversionesconstructsas@gmail.com
Comidas;MAC ROQUE LG SAS;901967666;BOGOTA;BOGOTA D.C.;CL 63 NO. 70 G 24;garzoncastrolinda@gmail.com
Comidas;AJIACO Y FRIJOLES ANDES S.A.S;901969201;BOGOTA;BOGOTA D.C.;Avenida Calle 20 0 18 ESTE;ajiacoyfrijolesandes@gmail.com
Comidas;PARRILLA LA GRILLA SAS;901821281;BOGOTA;BOGOTA D.C.;CL 80 NO. 100 52 LC 3 11 PORTAL 80 BOG;parrillalagrilla24@gmail.com
Comidas;TOWN LIVING & TRAVEL SAS;901875804;BOGOTA;BOGOTA D.C.;CR 12 NO. 79 32 OF 302;townliving.travel@gmail.com
Comidas;NUTRISERVIR GOURMET SAS;900534165;BOGOTA;BOGOTA D.C.;Calle 38 No. 8 - 28 Ofc. 501;gerencia@nutriservirgourmet.com
Comidas;INVERSIONES MI TIERRITA SAS;901240494;BOGOTA;BOGOTA D.C.;CL 162 # 22 - 29;contable@mgpb.com.co
Comidas;VITAL PLUS CONSULTORES AYA S.A.S;901880938;BOGOTA;BOGOTA D.C.;Calle 72 64 57;vitalgroup.vital@gmail.com
Comidas;INVERSIONES SATELITES COFFEE S A S;900753347;BOGOTA;BOGOTA D.C.;CL 109 20 44 AP 303;manuel@laparla.co
Comidas;GRUPO EMPRESARIAL VASQUEZ ARDILA S.A.S;900574295;BOGOTA;BOGOTA D.C.;CRA 7 A NO 121 48;gerencia@burgers.com.co
Comidas;MATRIARTE SAS;901598552;BOGOTA;BOGOTA D.C.;CR 111 NO. 157 30;bellahilo@hotmail.com
Comidas;SANTA BARBARA INVESTMENTS SUCURSAL COLOMBIA;900386879;BOGOTA;BOGOTA D.C.;AV. CARRERA 9 NO. 115-30;ernesto.lopez@dentons.com
Comidas;FONTANA BOGOTA SAS;901762219;BOGOTA;BOGOTA D.C.;AV CR 40 NO 22B 27;fontanabogota@gmail.com
Comidas;GLOBAL SEASONS S.A.S .;901913446;BOGOTA;BOGOTA D.C.;CL 126 NO. 11 63;globalseason264@gmail.com
Comidas;EL CAMINO DEL VIENTO SAS;900782068;BOGOTA;BOGOTA D.C.;CL 16 J NO. 96 C - 96;caminosdelvientosas@hotmail.com
Comidas;SHAWARMA AND BREAK S.A.S.;901983719;BOGOTA;BOGOTA D.C.;CL 145 NO. 17 11 CEDRITOS ED CALLEJON 30;mariajael_05@yahoo.com
Comidas;INVERSIONES OCAMPO MARTINEZ SAS;901849352;BOGOTA;BOGOTA D.C.;CL  27 SUR  #  52 A 79 LOCAL 102;inversionesocampomartinezsas@gmail.com
Comidas;GROW GROUP INVESTMENTS SAS;901609692;BOGOTA;BOGOTA D.C.;CR 21 NO. 37 - 33;cristianoserrato@hotmail.com
Comidas;INVERSIONES GR SAS;901573222;BOGOTA;BOGOTA D.C.;CL 73 # 11 34;inversiongrsas@gmail.com
Comidas;PARAMARTE S.A.S.;901595790;BOGOTA;BOGOTA D.C.;CL 119 # 12 16 LC 1;casadiegocar1@hotmail.com
Comidas;CAFFRUT SAS;901770410;BOGOTA;BOGOTA D.C.;CR 82 A NO. 6 16 LO 11;comercial@caffrut.co
Comidas;DAR CORP S.A.S;901943614;BOGOTA;BOGOTA D.C.;CL 75 A NO. 29 34;darozo@egracol.co
Comidas;TRIP SOLUCIONES INMOBILIARIAS SAS;901849937;BOGOTA;BOGOTA D.C.;CR 103 B NO. 154 - 61 AP 1608;solucionesinmobiliariasdigital@gmail.com
Comidas;SOCIEDAD HOTELERA NIÑO SILVA S.A.S;901145211;BOGOTA;BOGOTA D.C.;AK 40 NO. 25 45;reservas@hotelportaldelosandes.com
Comidas;GRUPO INVIERTE SAS;900990720;BOGOTA;BOGOTA D.C.;Autopista Norte # 162 - 38 Piso 2;info.grupoinvierte@gmail.com
Comidas;BARUC SHADDAI SAS;901467410;BOGOTA;BOGOTA D.C.;CR 120 A # 70 A 31;dpmause@yahoo.com
Comidas;ILAR CALI SPV S.A.S;901724381;BOGOTA;BOGOTA D.C.;Avenida Calle 24 43 A 85;juan.fuentes@clubilar.com
Comidas;JOY MUNDIAL S.A.S;901740486;BOGOTA;BOGOTA D.C.;CR 23 NO. 45 C 55;joymundialsas@gmail.com
Comidas;TO GO COMERCIAL SAS;901201755;BOGOTA;BOGOTA D.C.;CL 74 NO. 15 80 OF 616 TO 2;andres.carrillo@valoryvision.com
Comidas;QUATTRO LARI SAS;901459390;BOGOTA;BOGOTA D.C.;CALLE 71 # 9 - 18;trattoriasolerosso@gmail.com
Comidas;COMERCIALIZADORA EDIMBURGO S.A.S;901798176;BOGOTA;BOGOTA D.C.;CR 15 NO. 95 48 L 2;edwinburgosala@hotmail.com
Comidas;KEMP S.A.S;901646993;BOGOTA;BOGOTA D.C.;CL 70 A # 11 43;mmartin@empanaditasyco.com
Comidas;IDEAN HOLDING GROUP SAS;901886307;BOGOTA;BOGOTA D.C.;CR 24 C NO. 54 60 SUR TO 3 AP 302;wingzribsbogota@gmail.com
Comidas;HOTEL D MOUNTAIN RAQUIRA SAS;901502202;BOGOTA;BOGOTA D.C.;CL 147   9   60;dmountainraquira@gmail.com
Comidas;RESTAURANTE BAR PURA VIBRA S.A.S;901753835;BOGOTA;BOGOTA D.C.;Carrera 30 1 D 44;restaurantepura778@gmail.com
Comidas;SANTA JUANA RESTAURANTE S.A.S;901470165;BOGOTA;BOGOTA D.C.;CALLE 71 # 11 51;contabilidad@santajuanafoodbar.com
Comidas;COMPAÑIA DOS REIS SAS;901030245;BOGOTA;BOGOTA D.C.;CR 13 A NO. 102 41 AP 201 ED RINCON DEL;amdrg@hotmail.com
Comidas;SEBALI SAS;901435824;BOGOTA;BOGOTA D.C.;CR 4 A 27 03;contacto@elguapobog.com
Comidas;PRODUCTOS Y ALIMENTOS DE COLOMBIA S.A.S;901120454;BOGOTA;BOGOTA D.C.;CR 79 19 20 LC 3;gerencia.prodalcol@gmail.com
Comidas;JRM INVERSIONES SAS;901509603;BOGOTA;BOGOTA D.C.;Calle 152 A 54 80 TORRE 8 APARTAMENTO 10;jrminversionessas@gmail.com
Comidas;INVERSIONES NOVILLO DE ORO S A S;900596283;BOGOTA;BOGOTA D.C.;Calle 9 26 13;lafinca.novilloro@gmail.com
Comidas;INVERSIONES MEDINA GARCIA & CIA. S. EN C.;901949237;BOGOTA;BOGOTA D.C.;CL 52 A NO. 70 D 32;megarpc2025@gmail.com
Comidas;PALADAR GRILL BURGER SAS;901922564;BOGOTA;BOGOTA D.C.;CR 82 NO. 23 C 06 LC 2;paladargrillburger@gmail.com
Comidas;GRUPO HIGH RISE S.A.S.;901498187;BOGOTA;BOGOTA D.C.;CL 112 NO 14 B 50 OF 101;gerencia@highrise.com.co
Comidas;MR BIG BROASTED S A S;900720208;BOGOTA;BOGOTA D.C.;AV BOYACA NO. 65 B 06;alirioeliecersanchez@hotmail.com
Comidas;COCINA FUSION VERDES Y MADUROS MANGO CHARANGA SAS;901730363;BOGOTA;BOGOTA D.C.;CR 6 A NO. 116 71;doctoradiana.lopez@hotmail.com
Comidas;INVERSIONES ANBLUM SAS;901095438;BOGOTA;BOGOTA D.C.;CR 9 NO. 80 45 P 4;rosariopena@vipcontadores.com
Comidas;JUNCA PARRILLA S A S;900911789;BOGOTA;BOGOTA D.C.;CR 98 NO. 71 B 53;juncaparrilla@hotmail.com
Comidas;HAMBURGUESERIAS S A S;830144056;BOGOTA;BOGOTA D.C.;CR  25 # 41 - 64;contabilidad@lahamburgueseria.com
Comidas;GES INVESTMENT GROUP INC SAS;901581122;BOGOTA;BOGOTA D.C.;CARRERA 9 # 16-20 OFICINA 209;gesinvestsas@gmail.com
Comidas;LAZOS TURISTICOS SAS;901426799;BOGOTA;BOGOTA D.C.;CR 73 NO. 53 A 29;lazosnormandia@gmail.com
Comidas;HOTEL MGR SAS;900173141;BOGOTA;BOGOTA D.C.;CL 163 A NO. 7 H 50;hotelmgrst@gmail.com
Comidas;INVERSIONES RD VARGAS S.A.S;901834720;BOGOTA;BOGOTA D.C.;Carrera 13 45 A 82;inversionesrockerd@gmail.com
Comidas;TORO CANAL S A S;860523148;BOGOTA;BOGOTA D.C.;CALLE 66 A 4 A 55 OFICINA 303;toro.juanmaria@gmail.com
Comidas;INVER-RIOS S.A.S;901748358;BOGOTA;BOGOTA D.C.;CR 52 C NO. 39 31 SUR;inverios23@gmail.com
