Fecha,Descripción,Categoría,Monto,Medio de Pago
13/08/2025,Bandeja Paisa x2, Elementos de prueba x1,Ventas,100000,Efectivo
13/08/2025,Mercado,Materiales,58000,Efectivo
13/08/2025,Transacción a la 1:40 x1, Bandeja Paisa x1,Ventas,49900,Efectivo
13/08/2025,Bandeja Paisa x1, Bandeja de carnes mixta especial 1 x1,Ventas,73000,Efectivo
13/08/2025,Prueba a las 11:57 am x1,Ventas,14000,Efectivo
12/08/2025,Bandeja Paisa x1, Prueba 7:42 pm x1,Ventas,55000,Efectivo
12/08/2025,Bandeja Paisa x1, Nico Nico x1,Ventas,115000,Efectivo
12/08/2025,Nico hoy a las 11:17  x1,Ventas,88000,Efectivo
12/08/2025,Prueba 13 de agosto a las 11:07 am x1,Ventas,25000,Efectivo
12/08/2025,Prueba del 13 de agosto x1,Ventas,25000,Efectivo